UserID,Name,Age,Gender,RegistrationDate,Location,MemberLevel
1,Danny Miller,49,Female,1/11/2022,New Brianton,Platinum
2,Kelly Williams,58,Male,7/21/2022,North Ryanshire,Silver
3,Albert Campbell,55,Male,7/12/2023,Port Reneefort,Bronze
4,Olivia Yates,61,Other,1/1/2022,Kevinhaven,Gold
5,Lisa Nash,45,Other,1/10/2024,Port Robertshire,Gold
6,Russell Murphy,41,Other,2/28/2024,West Jeffrey,Platinum
7,Chris Kelly,39,Other,11/23/2022,South Jeffreyfurt,Gold
8,Jill Brown,33,Female,11/2/2022,Joshuaville,Platinum
9,Richard Carter,63,Female,5/6/2022,South Anna,Gold
10,Cynthia Powell,28,Other,6/16/2023,South Barbara,Gold
11,Jamie White,22,Male,4/5/2022,Meghanmouth,Gold
12,Frank Cannon,42,Female,12/30/2023,West William,Bronze
13,Stephen Williams,30,Other,6/2/2024,East Kimberlyside,Bronze
14,Carlos Rose,30,Male,11/3/2023,South Michael,Bronze
15,Donna Smith,56,Female,10/11/2024,Eileenberg,Silver
16,Madison Kaiser,19,Male,9/11/2023,East Michael,Bronze
17,Phillip Castro MD,48,Female,11/12/2023,Phillipmouth,Gold
18,Bryan Williams,30,Other,7/30/2023,West James,Gold
19,James Pratt DDS,57,Other,10/5/2023,North Jennifer,Gold
20,Donna Lopez,23,Other,1/19/2023,West Michael,Bronze
21,Jeff Miller,24,Other,1/14/2023,West Zacharymouth,Gold
22,Thomas Robles,48,Male,6/21/2022,Port Elizabethshire,Silver
23,Alisha Price,38,Other,4/25/2023,Parkborough,Bronze
24,Sara Yu,27,Other,11/19/2022,Figueroaberg,Platinum
25,James Reed,22,Other,10/16/2023,Pamelafurt,Gold
26,Kyle Fowler,59,Other,8/31/2023,Karenport,Platinum
27,Lori Smith,47,Male,10/27/2023,Millschester,Bronze
28,Heather Hale,53,Female,8/30/2023,South Matthew,Silver
29,Lisa Rodriguez,55,Other,7/29/2024,Kingview,Gold
30,Edwin Carter,29,Male,8/23/2023,New Victor,Gold
31,Eric Dougherty,62,Male,9/6/2022,North Omarchester,Silver
32,Judy Rodriguez,20,Female,5/30/2022,Montgomeryport,Platinum
33,Seth Snyder,40,Other,9/13/2022,Stephaniebury,Platinum
34,April Holden,35,Other,3/2/2024,Port Charles,Platinum
35,Nancy Miller,62,Female,6/23/2024,East Ricardoville,Platinum
36,Michael Ryan,33,Female,1/13/2024,East Zacharyside,Bronze
37,Heather Hamilton,50,Male,1/13/2022,East Courtneyfurt,Bronze
38,Jennifer Cunningham,55,Male,7/5/2022,Maldonadoside,Platinum
39,Mrs. Ariana Jimenez,50,Male,10/27/2023,Steinshire,Bronze
40,Sarah Marks,45,Female,2/1/2022,New Wendy,Bronze
41,Thomas Bennett,64,Female,10/2/2023,South Laurenland,Silver
42,Diana Williams,30,Male,5/3/2023,New Nicholemouth,Gold
43,William Hunt,52,Male,7/8/2024,Hernandezmouth,Bronze
44,James Reyes,58,Female,8/16/2023,Joseberg,Platinum
45,David Walton,26,Female,6/4/2023,Curtisview,Gold
46,Robert Ellis,55,Female,5/11/2024,Andrewsville,Bronze
47,Aaron Francis,22,Male,7/3/2024,Toddtown,Silver
48,Vincent Goodman,30,Female,6/5/2023,Port Elizabeth,Platinum
49,Dr. Lori Kelly,55,Female,1/5/2022,Leebury,Silver
50,Mr. Jesse Johnson,41,Female,4/16/2023,Riosland,Silver
51,Sara Fox,37,Female,5/3/2023,Lake Sheri,Gold
52,Matthew Jordan,42,Male,9/18/2024,Thomasland,Gold
53,Bryan Hickman,64,Female,1/11/2024,North Sarahtown,Bronze
54,Dawn Kelly,37,Male,11/18/2022,Stephanieberg,Gold
55,Sara Wilson,51,Other,5/7/2024,Pamelafurt,Gold
56,Barry Stephenson,64,Other,9/16/2023,East Kylehaven,Gold
57,Darin Mcmillan,48,Male,6/24/2023,East William,Platinum
58,Kevin Wright,28,Male,3/28/2024,Thompsonland,Bronze
59,Elizabeth Martin,23,Other,9/14/2022,Kevinchester,Platinum
60,Tiffany White,57,Male,5/22/2023,New Lauraberg,Bronze
61,Melinda Lewis,48,Male,7/12/2024,East Ashleyfurt,Bronze
62,Krystal Meyer,60,Male,1/15/2024,Leonville,Silver
63,Eric Miller,42,Male,3/20/2022,Noahton,Bronze
64,Pamela Morton,26,Other,8/11/2022,Gordonborough,Gold
65,Donna Turner,55,Other,8/10/2023,New Michelefurt,Silver
66,Yvette Moore,28,Male,7/17/2024,New Josestad,Platinum
67,Mr. Justin Gallegos,49,Other,4/28/2023,East Larry,Platinum
68,Joan Brown,48,Other,11/13/2024,Williamfurt,Bronze
69,Mary Mcclain,44,Female,9/5/2024,North Amandastad,Gold
70,Michael Carpenter,59,Male,3/4/2024,Port Edwin,Bronze
71,Sharon Cummings,19,Other,3/5/2023,Tammyville,Silver
72,James Smith,59,Other,12/10/2022,New Erinberg,Platinum
73,Brandon Taylor,59,Male,3/9/2024,New Gregory,Silver
74,Ashley Hill,20,Female,10/12/2022,Jameschester,Gold
75,Christian Stafford,54,Male,2/1/2024,Stewarttown,Gold
76,Todd Dean,56,Male,12/24/2021,South Stacy,Gold
77,William Campos,54,Other,10/25/2022,Haroldton,Gold
78,Tony Stafford,46,Other,2/13/2024,Lake Melissaburgh,Bronze
79,Joshua Scott,30,Other,7/16/2024,Carpenterfort,Silver
80,Joshua Chapman,59,Female,6/9/2022,North Michellefurt,Platinum
81,Brenda Green,25,Female,4/9/2024,Port Michael,Platinum
82,Mary Simmons,37,Other,1/18/2024,West Ginabury,Platinum
83,Stephanie Torres,59,Female,8/27/2022,New Kevin,Gold
84,Keith Griffin,63,Other,7/13/2023,Bryanport,Bronze
85,Tony Rodriguez,57,Male,9/30/2022,New Angelport,Silver
86,Shawn Washington,63,Male,10/5/2022,Nicoleborough,Silver
87,David Joseph,30,Female,8/3/2024,Port Corey,Silver
88,Andrea Green,63,Male,7/3/2023,Braunview,Gold
89,Stephanie Martinez,56,Female,1/5/2023,South Kristin,Platinum
90,Carmen Lin,51,Male,2/4/2024,New Cassandra,Silver
91,Amanda Roberts,25,Female,6/29/2023,Mackborough,Silver
92,Cathy Tanner,20,Male,7/8/2022,Fosterton,Platinum
93,Jordan Bell,30,Other,1/13/2024,East Kathleen,Silver
94,Allen Willis,42,Male,9/10/2023,New Jason,Silver
95,Jason Pierce,50,Female,6/3/2023,Mistyfort,Silver
96,Bonnie Wood,33,Female,7/7/2022,Valerieberg,Silver
97,Mr. David Fitzgerald DDS,62,Female,7/28/2022,Lake Ann,Platinum
98,Nicholas Johns,29,Female,3/18/2024,East Jeffrey,Gold
99,Caleb Silva,25,Male,3/20/2024,Leeton,Platinum
100,Alan Fuller,47,Male,1/3/2023,Montgomeryshire,Platinum
101,Andrew Ashley,51,Male,11/11/2023,Steventown,Bronze
102,Taylor Smith,46,Female,10/12/2022,Lake Christopherfort,Platinum
103,Karen Hammond,27,Male,11/20/2023,East Wayne,Gold
104,Mr. Timothy Mckenzie,49,Male,4/23/2024,East Tammieburgh,Gold
105,Sheila Miller,26,Male,12/24/2023,New Michaeltown,Silver
106,Jeffrey Cunningham,36,Other,3/18/2024,North Emilyland,Silver
107,Donna Hodges,35,Other,4/17/2023,Roweview,Platinum
108,Ryan Campos,41,Other,3/18/2022,South Harryberg,Platinum
109,Alyssa Patterson,46,Male,11/16/2022,Lindseytown,Bronze
110,Jennifer Holmes,58,Male,1/14/2022,Clarkport,Silver
111,Robert Gonzales,34,Female,10/29/2022,South Marcuschester,Bronze
112,Kristine Davis,24,Male,2/20/2022,Marquezshire,Silver
113,Christopher Smith,53,Other,7/31/2022,Carneyview,Silver
114,Caleb Hudson,60,Other,5/7/2022,West Courtney,Platinum
115,Lauren Williamson,57,Other,10/4/2023,West Michaelside,Silver
116,Jason Austin,53,Other,7/4/2022,North Andrew,Silver
117,Anthony Martinez,35,Female,11/26/2022,Pattersonmouth,Platinum
118,Michelle Aguirre,41,Male,6/29/2022,North Kathryn,Silver
119,Ellen Phelps,46,Female,7/15/2022,Oconnorland,Bronze
120,Wendy Gutierrez,27,Male,10/31/2024,West Sarahstad,Bronze
121,Julie Anderson,51,Other,6/10/2024,Steinchester,Gold
122,Cole Walker,46,Female,6/28/2023,Port Alexander,Platinum
123,Jessica Alvarez,49,Male,3/12/2022,Lyonsville,Gold
124,Savannah Lee,40,Other,6/13/2023,North Erik,Platinum
125,Elizabeth Ellis,39,Female,8/15/2023,East Amyview,Gold
126,Jennifer Crawford DDS,24,Female,2/9/2023,Lake Haleybury,Gold
127,Michael Ortega,56,Female,7/19/2024,New Vanessa,Bronze
128,Gregory Rodriguez,33,Male,4/29/2024,Shieldsport,Gold
129,Kimberly Bowers,53,Male,6/16/2023,North Marktown,Silver
130,Peter Marshall,34,Female,3/12/2024,Hallside,Platinum
131,Kimberly Brown,58,Other,1/17/2024,West Cory,Platinum
132,Jasmine Martinez,51,Female,9/4/2022,Terrimouth,Platinum
133,Paula Mccormick,58,Male,6/9/2023,Davidfurt,Platinum
134,Frank Clay,20,Male,10/16/2022,Rowemouth,Silver
135,Emily Fuller,37,Male,11/17/2024,Jamesshire,Gold
136,Michael Davis,48,Male,9/20/2024,Marktown,Bronze
137,Krista Davis,48,Male,11/27/2022,Scottstad,Platinum
138,Victor Mathews,24,Other,10/22/2023,Juliebury,Gold
139,Kirk Gray,36,Other,7/28/2024,Charlesburgh,Gold
140,Briana Cooke,32,Other,9/19/2024,Port Joseph,Gold
141,Carol Potter,49,Female,7/24/2024,North Wesley,Bronze
142,Gregory Allison,32,Male,7/5/2024,Lake Phillipton,Platinum
143,Lindsey Cunningham,52,Female,1/5/2024,Grayside,Platinum
144,Cheryl Romero,29,Male,4/2/2023,Susanmouth,Bronze
145,Terry Weiss,25,Other,8/19/2022,North Raymond,Silver
146,Richard Wang,63,Male,9/10/2022,Rebeccachester,Platinum
147,Erik Flores,60,Other,11/28/2021,East Anthonystad,Platinum
148,Megan Orr,18,Male,4/23/2022,Port Dennisshire,Gold
149,Jessica Kelley,60,Female,12/6/2021,South Monicamouth,Gold
150,Paul Knapp,51,Female,11/29/2021,Edwardsmouth,Gold
151,Sarah Adams,29,Male,7/26/2023,South Andrewfurt,Silver
152,Jennifer Daugherty,37,Female,4/25/2022,South Matthewburgh,Gold
153,Christopher Tate,22,Female,11/22/2021,Weberhaven,Gold
154,Victor Fowler,54,Female,10/8/2024,South Leslie,Bronze
155,William Aguilar,44,Other,2/27/2022,Lake Brettburgh,Gold
156,John Garcia,53,Female,1/2/2023,Parkerburgh,Gold
157,Christian Powell,19,Other,12/10/2021,Port Michael,Silver
158,Kevin Taylor,62,Female,10/21/2024,Davidville,Gold
159,David Manning,30,Female,1/14/2023,Nataliehaven,Bronze
160,Savannah Fox,30,Female,5/19/2023,Lake Antonioland,Gold
161,Alexis Mitchell,55,Male,6/26/2023,Sloanchester,Bronze
162,Rhonda Dixon,48,Female,6/20/2024,Erinfurt,Bronze
163,Erin Brewer,48,Male,9/28/2023,Mariahborough,Gold
164,Jessica Flores,56,Female,11/15/2022,Port Emilyshire,Silver
165,Anthony Morris,44,Female,11/20/2022,North Crystal,Platinum
166,Debbie Fox,20,Other,6/27/2024,North Katherineton,Bronze
167,Cody Clark,28,Male,5/3/2022,East Anna,Gold
168,Brett King,31,Male,12/1/2022,East Jessica,Gold
169,Robert Smith,45,Male,6/10/2023,New Rebeccaland,Platinum
170,Leroy Nicholson,59,Female,7/2/2024,South Paige,Platinum
171,Justin Neal,34,Male,3/10/2023,West Brandymouth,Platinum
172,Ashley Smith,21,Female,3/2/2022,Burnschester,Gold
173,Amber Bailey,19,Other,6/22/2023,Aaronstad,Silver
174,Mike Guzman,28,Other,7/2/2022,Colemanfort,Silver
175,Chelsea Scott,55,Other,7/24/2022,West Miranda,Bronze
176,Jennifer Castillo,46,Female,3/4/2022,West Jason,Gold
177,Regina Johnston,32,Male,3/4/2024,Jillmouth,Bronze
178,Karen Clark,19,Male,7/31/2023,Mosleyberg,Platinum
179,Kenneth Sullivan,62,Other,5/8/2023,Harmonstad,Silver
180,Leonard Douglas,26,Male,3/31/2023,West Madisonville,Bronze
181,Michael Page,55,Male,4/29/2024,Lake Kellyside,Silver
182,Rodney Wright,34,Male,4/14/2024,Williamhaven,Platinum
183,Brandon Clark PhD,52,Male,9/2/2024,Jenniferland,Gold
184,Mark Torres,30,Other,5/28/2023,West Alyssa,Platinum
185,Jessica Velez,61,Female,12/19/2021,Port Chadbury,Silver
186,Daniel Howard,50,Other,6/21/2024,Lake Kimberly,Platinum
187,Donna Wise,54,Male,9/9/2024,Kevinhaven,Gold
188,Joseph Wright,63,Other,1/27/2022,Austinstad,Silver
189,Edwin Bradford,41,Female,11/16/2024,Lake Jennifer,Bronze
190,Maria Summers,37,Other,8/19/2023,Lake Noah,Silver
191,Daniel Valenzuela,48,Female,8/11/2023,East Donaldfurt,Platinum
192,Jessica Brown,43,Male,1/14/2023,Davidchester,Platinum
193,Judy Lester,32,Other,11/9/2024,Sandersview,Silver
194,Matthew Pitts,29,Female,8/7/2022,East Stephen,Gold
195,Katrina Rhodes,37,Female,6/12/2022,South Christopherburgh,Silver
196,Michael Rocha,62,Other,10/21/2023,West Coltonstad,Bronze
197,Laura Olson,40,Male,2/14/2022,Benderburgh,Platinum
198,Donna Stewart,50,Male,2/6/2023,Torrestown,Silver
199,George Owen,38,Other,12/20/2021,Tiffanytown,Bronze
200,Crystal Day,55,Male,10/16/2023,Brennanberg,Silver
201,Laurie Lopez,38,Male,10/17/2024,Spencerchester,Gold
202,Robert Gill,62,Female,4/6/2023,Lake Catherine,Bronze
203,Matthew Spears,22,Other,11/11/2024,Juanview,Silver
204,Katherine Robbins,65,Male,3/17/2024,South Debra,Silver
205,Christopher Smith,29,Male,12/25/2022,South Kevinborough,Bronze
206,Joshua Mclaughlin,18,Female,8/1/2024,Freemanville,Bronze
207,Danielle Williamson,30,Female,2/18/2023,Sherrymouth,Platinum
208,James Williams,48,Male,12/14/2023,Andrewborough,Bronze
209,Paula Sweeney,61,Other,5/17/2023,Jeffreyport,Bronze
210,Karen Cruz,41,Other,10/27/2022,Mossfurt,Bronze
211,Tiffany Combs,57,Female,6/4/2023,Michaelport,Gold
212,Lisa Hall,23,Male,4/15/2023,Brownstad,Platinum
213,Micheal Estes DDS,59,Female,10/29/2023,West Eric,Gold
214,Tiffany Miller,41,Female,3/11/2024,New Linda,Silver
215,Thomas Cunningham,34,Male,8/4/2023,South Melissastad,Gold
216,Kendra Bridges,57,Male,12/13/2023,West Angelafort,Platinum
217,Mia Johnston,29,Male,4/21/2024,Howardmouth,Gold
218,Nicole King,58,Male,6/12/2022,Johnchester,Platinum
219,Karen Smith,48,Male,9/8/2022,North Patriciastad,Bronze
220,Thomas West,57,Other,12/7/2021,Claudiaborough,Bronze
221,Juan Mcdonald,60,Male,11/27/2022,New Jessicaport,Silver
222,Stephen Haynes,21,Other,5/15/2023,Michaelberg,Platinum
223,Michael Taylor,61,Other,5/6/2023,East Jamesberg,Gold
224,James Dominguez,18,Female,9/21/2024,Maryhaven,Bronze
225,Juan Garrett,49,Female,9/22/2022,West Michael,Gold
226,Leslie May,30,Other,11/16/2022,Williamstown,Bronze
227,Debra Brown,55,Other,7/24/2023,South Zachary,Gold
228,Dylan Lewis,30,Other,3/17/2024,Perezville,Silver
229,Cassidy Roberts,52,Female,7/27/2024,Port Darrellton,Platinum
230,Wyatt Hunt,31,Male,2/6/2023,Cohenview,Gold
231,Sherri Miller,63,Male,10/9/2022,Sanfordfort,Gold
232,Jeffrey Mitchell,39,Other,4/4/2023,Tatechester,Platinum
233,William Jones,22,Other,1/23/2024,Salazarfort,Gold
234,Vanessa Fernandez,23,Male,12/6/2023,West Gregoryville,Bronze
235,James Barton,33,Male,11/28/2023,Lake Brianbury,Silver
236,Michael Watson,18,Other,7/10/2024,Smithport,Platinum
237,Melanie Ramirez,33,Male,8/14/2023,Chrismouth,Silver
238,Brian Bowman,48,Male,1/21/2024,East Charles,Silver
239,Kim Bell,21,Female,5/14/2022,Kathrynburgh,Platinum
240,Anita Munoz,34,Other,2/15/2023,Nathanport,Gold
241,Collin Dixon,56,Male,11/30/2021,Lake Jenniferview,Gold
242,Christopher Mitchell,55,Other,10/10/2023,Lake Kayla,Gold
243,Arthur Olson,32,Male,2/5/2023,South Jake,Bronze
244,Jay Daniels,27,Female,1/5/2022,South Daniel,Platinum
245,Frank Castro,58,Female,11/4/2024,North Michelle,Bronze
246,Nicole Adams,35,Other,7/7/2024,South Mitchellbury,Silver
247,Monica Riley,42,Female,7/26/2024,North Waynebury,Gold
248,Nicole Smith,32,Male,8/10/2022,West Lisa,Gold
249,Christine Navarro,48,Other,12/11/2021,Huntfurt,Platinum
250,Robin Ali,52,Male,10/30/2023,South Jeffrey,Bronze
251,Kelly Faulkner,26,Other,10/20/2023,West Rebeccaview,Silver
252,Adam Marquez,55,Male,5/16/2024,South Juliaton,Platinum
253,Tommy Brown,46,Male,12/12/2022,Markview,Platinum
254,Robert James,56,Other,7/5/2024,Dennischester,Platinum
255,Scott Golden,27,Other,5/17/2023,Jacksontown,Platinum
256,Yolanda Torres,53,Other,7/9/2022,Lake Hannahside,Gold
257,Danielle Burns,59,Other,2/23/2022,North Stephen,Gold
258,Kathryn Nguyen,38,Female,9/5/2022,East Thomasland,Platinum
259,Leah Ward,35,Other,2/4/2024,Port Christopherfort,Bronze
260,Kimberly Munoz,36,Female,2/10/2022,North Jordanstad,Bronze
261,Mary Newman,65,Other,5/14/2024,East Jonathan,Bronze
262,Haley Young,52,Female,2/23/2024,West Jasonview,Platinum
263,Veronica Mendez,18,Female,8/6/2022,Rothport,Platinum
264,Jordan Hunter,54,Other,5/9/2023,North Lisa,Bronze
265,Jennifer Foster,27,Male,5/15/2023,South Ashley,Bronze
266,Dr. Matthew Cox DVM,42,Male,1/7/2023,Lynnport,Gold
267,Antonio Coleman,18,Other,6/4/2023,Ericafort,Bronze
268,Logan Thomas,51,Other,10/17/2022,Sheltonshire,Platinum
269,Morgan Mitchell,54,Female,1/6/2023,Lake Stacey,Silver
270,Martin Schneider,20,Other,5/14/2023,East Timothyport,Bronze
271,Alexis Phillips,26,Other,3/1/2024,Kellyhaven,Bronze
272,Kelli Jones MD,57,Male,5/5/2024,North Michaelburgh,Silver
273,Julie Walker,20,Other,12/17/2023,Denisestad,Bronze
274,Jennifer Christensen,41,Male,4/15/2024,South Dianahaven,Silver
275,Brittney George,42,Male,11/26/2022,Brianton,Bronze
276,Scott Kelly,30,Female,1/15/2024,Mckinneyfort,Gold
277,Gregory Rodriguez,57,Male,5/25/2022,East Andrewton,Silver
278,Brenda Miller,38,Other,9/10/2024,West Laurenberg,Gold
279,Christopher Leon,19,Male,5/22/2024,Loriland,Platinum
280,Marcus Byrd,53,Male,6/22/2024,New Mary,Gold
281,Carl Golden,59,Male,7/16/2024,East Michaelton,Silver
282,Cynthia Brewer,64,Female,1/5/2023,East William,Silver
283,Christopher Fowler,61,Male,8/16/2022,North Benjamin,Gold
284,Virginia Waters,26,Male,5/8/2022,Lake Sally,Gold
285,Christopher Bryan,35,Other,4/22/2024,Billyfurt,Platinum
286,Thomas Henry,27,Other,7/24/2024,Danielport,Bronze
287,Christine Walker,43,Male,3/30/2024,Robertsonland,Silver
288,Michael Bell,30,Other,12/3/2022,Port Morganfort,Bronze
289,Christopher Ortiz,24,Other,3/30/2022,Kellyberg,Silver
290,Samantha Fox,30,Male,11/22/2022,West Isaiah,Silver
291,Megan Sutton,49,Male,5/3/2023,Johnsonmouth,Gold
292,Nathan Savage,21,Male,6/10/2023,Martinezland,Silver
293,Ann Riggs,21,Female,2/27/2024,East Eric,Gold
294,Jeffery Nichols,53,Other,11/21/2023,East Jessica,Silver
295,Vanessa Harris,47,Other,12/17/2022,Gomezland,Bronze
296,Juan Riley,65,Male,5/20/2024,Port Tom,Platinum
297,Jacqueline Hodge,53,Female,4/11/2024,Port Heather,Silver
298,Andrew Hall,36,Male,1/19/2022,Susanburgh,Bronze
299,Aaron Jordan,28,Female,10/7/2024,Rossview,Bronze
300,Stephen Martin,62,Other,12/22/2021,Rachaelshire,Gold
301,Matthew Fox,39,Male,3/24/2022,Hillfort,Gold
302,Sabrina Berger,52,Male,10/20/2024,North Willie,Gold
303,Shannon Kim,63,Female,9/8/2024,Kellymouth,Silver
304,William Aguilar,45,Other,6/19/2024,Jacksontown,Platinum
305,Elijah Miller,63,Other,12/12/2022,Flemingburgh,Platinum
306,Brandon Cobb,26,Female,7/13/2023,North Christopher,Silver
307,Julia Davis,23,Female,5/23/2024,East Jessehaven,Platinum
308,Christy Johnson,39,Other,2/7/2023,Lake Colleenmouth,Silver
309,Kendra Campos,41,Male,9/3/2024,Moodyport,Silver
310,Nathan Nelson,41,Female,4/24/2022,West Anna,Bronze
311,Michael Welch,40,Other,12/30/2022,Port James,Platinum
312,Jordan Lewis,36,Male,3/22/2024,Jennifermouth,Bronze
313,Kari Cooper,21,Female,1/2/2023,North Erin,Silver
314,Jonathan Coleman,40,Male,2/17/2024,Lake Andrewfort,Gold
315,Andrew Reyes,41,Other,6/19/2022,West Kevin,Platinum
316,Stephanie Smith,56,Female,2/5/2024,Alexachester,Bronze
317,Juan Garcia,57,Other,9/10/2024,Lake Melissaborough,Silver
318,Catherine Smith,35,Other,1/1/2024,Kingfurt,Platinum
319,Glenn Mathis,19,Other,8/18/2023,Kristyberg,Platinum
320,Nancy Gonzalez,45,Other,8/17/2022,Zacharyfort,Bronze
321,Allison Gill,18,Male,5/21/2022,Parkerhaven,Gold
322,Amanda Murray,21,Female,3/5/2022,North Holly,Gold
323,Cole Wiley,52,Male,4/1/2022,South Traceymouth,Silver
324,Kenneth Carter,54,Other,5/30/2024,Lake Henryfort,Bronze
325,Samuel Coleman,29,Other,11/24/2022,Gilesshire,Bronze
326,Nicole Chase,57,Male,6/16/2022,Carterfurt,Bronze
327,Mrs. Catherine Bentley,57,Other,10/18/2022,East Darlene,Silver
328,Patricia Miller,60,Female,8/17/2023,North Michelle,Bronze
329,Nicole Carter,35,Female,9/13/2024,Olsenmouth,Silver
330,Raymond Taylor,25,Other,9/27/2022,Zacharyfurt,Gold
331,Jessica Collins,62,Male,4/13/2023,Vanessaville,Bronze
332,David Torres,23,Male,12/11/2022,Brittneychester,Bronze
333,Darlene Gonzalez,50,Female,1/24/2022,Lake Traceymouth,Gold
334,John Jones,64,Male,1/5/2023,Lake Amanda,Gold
335,Andrea Meyers,34,Female,9/19/2023,South Andre,Silver
336,Gwendolyn Rodriguez,55,Other,1/7/2022,Nicoleborough,Gold
337,Brittany Graham,36,Female,4/2/2023,Schmidtmouth,Gold
338,Michael Chandler,21,Other,5/27/2023,Rhodesmouth,Bronze
339,Shelley Bailey,53,Female,9/29/2024,South Parker,Silver
340,Brian Todd,44,Other,5/3/2022,Allenview,Platinum
341,Danielle Woods,60,Male,8/21/2022,Lake Karenside,Bronze
342,Nicholas Brown,22,Male,11/1/2024,Lake Edward,Gold
343,Juan Peterson,54,Other,6/3/2024,North Cory,Platinum
344,Jonathan Douglas,43,Other,2/12/2023,New Ericton,Bronze
345,Mark Moody,40,Female,12/10/2023,East Sandra,Silver
346,Christine Mercado,60,Male,6/12/2022,West Michelemouth,Silver
347,John Jones,35,Male,10/14/2023,Lake Gary,Bronze
348,Amy Becker,29,Other,7/2/2024,North Alexandra,Bronze
349,Tiffany Alexander,58,Other,6/9/2023,East Debra,Platinum
350,Anthony Bruce,33,Female,7/16/2022,West Jamesland,Gold
351,Patrick Griffin,54,Female,1/16/2022,Hayesshire,Gold
352,Ricky Lopez,45,Other,3/16/2022,Baileystad,Silver
353,Kathy Jackson,24,Other,7/13/2022,West Stephen,Platinum
354,Adam Richard,55,Other,1/25/2023,East Danielle,Bronze
355,Jessica Morris,60,Other,9/21/2024,Lake Jefferyville,Silver
356,Kendra Noble,35,Male,5/6/2022,Kelseyside,Gold
357,Henry Thomas,22,Male,11/6/2023,East Morgan,Silver
358,Amber Douglas,45,Male,1/18/2024,Richardsonmouth,Gold
359,Angela Fitzpatrick,47,Male,9/28/2023,Madisonville,Gold
360,Justin Taylor,29,Female,12/16/2021,New Tammyton,Bronze
361,Brett Bryant,26,Male,7/22/2024,Ricehaven,Platinum
362,Jacqueline Greene,18,Female,11/27/2023,Sonyaberg,Silver
363,Alicia Davis,58,Other,9/21/2024,Lake Krystalstad,Platinum
364,Crystal Taylor,49,Male,11/10/2023,South Rhonda,Bronze
365,Jackson Salazar,34,Other,2/15/2024,New Kayla,Platinum
366,Anthony Woodard,46,Male,12/27/2021,West Amber,Bronze
367,Anthony Thompson,47,Female,7/19/2024,East Jeffrey,Silver
368,Kevin Powers,53,Male,6/25/2023,Tylerfurt,Gold
369,Melanie Richardson,22,Other,7/14/2024,Tonyaton,Silver
370,Kristina Hill,38,Other,1/27/2024,Lake Maryfurt,Silver
371,Gina Young,45,Male,11/14/2023,Port Michael,Gold
372,Andrew Day,55,Female,12/16/2022,Fordhaven,Bronze
373,David Anderson,42,Other,5/26/2022,Jamesstad,Gold
374,Glenn Davis,30,Male,5/27/2023,Lake Jessicaland,Bronze
375,Emily Freeman,43,Male,10/1/2023,South Frankview,Platinum
376,Brian Dominguez,23,Female,12/23/2022,Lake Andrew,Platinum
377,Angela Carter,58,Male,4/21/2024,Smithburgh,Platinum
378,Willie Wilson,28,Other,7/16/2022,Port Samuelbury,Gold
379,Kim Gonzalez,33,Other,7/9/2023,Mauricestad,Bronze
380,Thomas Carter,48,Female,2/6/2024,New Jillburgh,Gold
381,Brian Harper,20,Other,6/26/2022,Melissaside,Platinum
382,Barbara Barber,22,Other,4/7/2022,Timothyborough,Platinum
383,Sonya Chang,37,Female,5/5/2024,Horneton,Silver
384,John Huang,64,Other,11/6/2022,Millertown,Silver
385,Tiffany Young,20,Female,10/22/2023,South Victoria,Bronze
386,Stephanie Cherry,23,Male,12/10/2023,North Jacob,Platinum
387,Jessica Wright,51,Other,10/20/2024,North Dianafort,Gold
388,David Luna,42,Male,1/14/2022,East Richardfurt,Platinum
389,Whitney Coleman,26,Male,5/1/2023,Susanbury,Gold
390,Tricia Shelton,23,Male,7/29/2024,Steveland,Platinum
391,Joyce Davis,60,Other,12/21/2022,Barnettfort,Platinum
392,Courtney Waller,26,Female,6/17/2024,Lake Hollyberg,Silver
393,Michael Olson,18,Other,7/20/2022,South Kara,Platinum
394,Stephanie Ross,35,Male,6/7/2022,Lisamouth,Platinum
395,Jason Valdez,39,Other,3/28/2022,Langville,Platinum
396,Sergio Anthony,40,Other,11/23/2022,Port Lacey,Silver
397,Malik Gibson,31,Other,3/6/2023,East Mark,Bronze
398,Hector Rios,30,Female,11/27/2021,South Dawn,Bronze
399,Adam Wagner,48,Other,5/13/2024,Ginamouth,Platinum
400,Chad Wilkinson,62,Male,4/7/2024,East Angelamouth,Silver
401,Jeffrey Johnson,32,Other,10/9/2024,Ritterborough,Platinum
402,Jaime Mcdonald,43,Female,2/15/2024,Crystalchester,Silver
403,Daniel Guzman,44,Male,6/14/2022,Mooreville,Gold
404,Christopher Savage,34,Female,1/29/2024,West Mary,Silver
405,Elizabeth Miller,55,Female,3/18/2022,Bradyside,Gold
406,Kristin Tate,65,Male,4/20/2023,Lake Jeremy,Gold
407,Katherine Vargas,28,Other,6/26/2023,Johnsonborough,Bronze
408,Sheri Terrell,40,Female,8/15/2023,Campbellbury,Bronze
409,Jessica Hunter,60,Male,1/17/2022,East Susanville,Gold
410,Gary Harper,44,Male,5/21/2023,Brandonton,Bronze
411,Christopher Jones,31,Male,9/4/2024,Davidmouth,Platinum
412,Guy Smith,36,Female,4/22/2024,North Lindsay,Bronze
413,Ross Rodriguez,46,Other,12/4/2022,South Amy,Silver
414,Julia Hartman,48,Male,12/24/2022,North Frank,Bronze
415,Christopher Valdez,64,Female,4/4/2023,Lake Manuel,Platinum
416,Jessica Brown,64,Other,11/7/2022,Lake Angelafort,Platinum
417,Alexandra Mccarthy,55,Male,4/26/2023,Kathrynbury,Silver
418,Jacob Gaines DVM,62,Female,8/2/2023,Mariaton,Silver
419,John Clark,34,Other,3/16/2024,Vegastad,Bronze
420,Nicole Lester,48,Female,4/27/2022,West Patricia,Silver
421,Lori Dudley,63,Female,9/24/2023,Petershire,Platinum
422,Tyler Jennings,52,Female,5/3/2023,Peterborough,Platinum
423,Heidi Russell,27,Female,10/9/2022,West Bridgetview,Platinum
424,Mark Arias,62,Other,8/10/2022,North Gregg,Platinum
425,Amanda Scott,50,Female,2/27/2024,Alexandermouth,Bronze
426,Emily Wilkinson,64,Female,7/7/2022,East Emily,Platinum
427,Mr. David Torres,55,Female,11/26/2022,Silvastad,Bronze
428,Tiffany Bates,57,Female,8/25/2023,Rachelborough,Platinum
429,Heather Price,48,Male,3/6/2023,North Katieport,Gold
430,Ryan Turner,30,Male,2/10/2024,Alexanderhaven,Platinum
431,Derek Castro,38,Male,12/26/2023,North Maria,Gold
432,Zachary Ruiz,42,Other,1/23/2024,Port Michaelstad,Gold
433,Dana Kane,56,Other,7/25/2023,Andreabury,Gold
434,Lisa Mccall,30,Male,12/21/2022,Angelaburgh,Platinum
435,Steven Palmer,31,Male,8/26/2023,Villegasborough,Platinum
436,Elizabeth Wolfe,52,Male,11/20/2022,Lauraberg,Silver
437,Timothy Davis,49,Other,11/29/2021,Powelltown,Silver
438,Kristy Turner,44,Male,5/5/2022,Michaeltown,Silver
439,Richard Weber,40,Male,1/25/2023,Jessicamouth,Silver
440,Joe Sharp,56,Male,7/13/2023,Petersonland,Silver
441,Eric Nichols,51,Male,1/3/2023,Nicholemouth,Platinum
442,Thomas Soto,54,Other,8/30/2022,West Chad,Gold
443,Eric Allen,45,Male,3/20/2023,Harrisshire,Bronze
444,Andrea Dominguez,59,Male,10/14/2024,West Nancyport,Silver
445,Michelle Fernandez,59,Female,7/26/2022,Rodneyton,Silver
446,Sharon Pierce,57,Female,9/20/2024,Woodsbury,Silver
447,Matthew Wiggins,28,Male,4/10/2022,New Philipburgh,Platinum
448,Dana Gallegos,46,Other,7/30/2022,Kochberg,Gold
449,John Nelson,54,Female,3/7/2024,North Jenniferchester,Silver
450,Candice Johnson,58,Female,7/12/2023,Port Donald,Silver
451,Joseph Simmons,45,Other,10/16/2023,North Miguelland,Gold
452,Diana Green,51,Other,4/14/2022,Lake Debra,Gold
453,James Garcia,26,Other,6/28/2023,West Michelle,Bronze
454,Matthew Foster,65,Male,9/27/2024,New Amy,Platinum
455,Mr. Joe Carter,61,Other,2/6/2023,Hilltown,Silver
456,Nicole Walker,25,Other,7/6/2024,West Krystal,Silver
457,Melinda Smith,33,Female,1/20/2022,Delgadoview,Gold
458,Matthew Nelson,51,Male,5/16/2023,Haneyberg,Silver
459,William Ramos,55,Male,8/11/2024,Wangborough,Platinum
460,Jessica Rhodes,18,Male,12/16/2021,Reyestown,Gold
461,Edward Hamilton,26,Other,9/16/2022,Browningshire,Platinum
462,Laurie Wright,56,Female,12/27/2022,South Michaelaview,Platinum
463,Craig Thomas,51,Female,8/13/2023,West Markmouth,Gold
464,Scott Bryan,20,Other,6/22/2022,Jessicastad,Bronze
465,Daniel Bautista,57,Female,11/11/2024,North Justin,Bronze
466,Linda Neal,46,Other,10/1/2024,East Adriana,Gold
467,Brittney Long,57,Female,9/9/2024,Lake Jessica,Gold
468,Latasha Clark,27,Male,10/10/2022,Lake Jordanmouth,Gold
469,John Stewart,51,Female,9/17/2023,Jamesshire,Platinum
470,Donna Gibson,60,Other,6/10/2022,Kellytown,Platinum
471,Lance Jones,43,Female,9/22/2024,Dorseyside,Bronze
472,Barbara Burns,51,Male,4/21/2022,Port Travisfort,Silver
473,Amy Lowe,29,Female,11/12/2022,Hendersonland,Silver
474,James Diaz,34,Female,6/2/2023,East Amymouth,Platinum
475,Jimmy Allen,38,Male,10/1/2022,Port Robert,Gold
476,Jessica Marks,64,Female,8/11/2022,Donnamouth,Gold
477,April Garcia,63,Male,7/15/2023,Lake Reginachester,Silver
478,Cynthia Taylor,43,Other,7/21/2024,Williamsport,Platinum
479,James Castillo,42,Male,10/22/2022,Michaelview,Bronze
480,Loretta Ewing,36,Male,6/23/2022,South Charlesstad,Gold
481,Brandon Brooks,44,Male,1/16/2022,Lake Charles,Bronze
482,Tyler Kelly,24,Other,12/2/2022,Davisfort,Silver
483,David Lane,20,Female,1/28/2022,Floresfort,Gold
484,Kelly Armstrong,64,Other,7/24/2023,Castroburgh,Gold
485,Patrick Smith,37,Other,1/6/2023,West Glen,Silver
486,Christopher Joseph,34,Other,6/5/2023,Port Paulshire,Bronze
487,Suzanne Bailey,65,Other,11/5/2024,Tuckerton,Bronze
488,Mrs. Gina Lopez DVM,55,Female,3/28/2023,Allisonchester,Gold
489,Carlos Bates,27,Other,1/18/2024,Port Marie,Silver
490,Robert Fuller,41,Other,9/27/2024,Michellechester,Bronze
491,Thomas Jones,33,Other,2/19/2023,Webbstad,Gold
492,Tony Vance,49,Female,5/13/2023,West Michael,Platinum
493,Clarence Alvarez,54,Other,10/7/2024,Ramirezville,Silver
494,Shawn Powell,27,Other,4/11/2023,New Meredithhaven,Gold
495,Carol Scott,59,Female,12/24/2023,Whiteport,Platinum
496,Christina Mullins,25,Male,10/5/2022,Murphyfort,Platinum
497,Courtney Davis,58,Male,10/22/2022,East Steve,Gold
498,Joseph Grant,56,Other,8/9/2023,Knightville,Gold
499,David Myers,62,Female,12/9/2021,Port Brooke,Platinum
500,Caitlin Chen,39,Other,4/28/2024,Justinborough,Platinum
501,Bonnie Bailey,40,Male,5/19/2024,Cochranbury,Gold
502,Alicia Kent,52,Other,2/23/2023,East Frederick,Gold
503,Steven Valentine,59,Male,7/16/2024,Annside,Silver
504,Sabrina Rivera,54,Female,6/24/2022,New Alexa,Bronze
505,Kelly Alvarez,43,Male,10/17/2023,Jonesside,Bronze
506,Albert Jones,56,Male,12/2/2023,East Joseph,Bronze
507,Richard Fowler,51,Other,10/31/2024,North Robert,Platinum
508,Connor Wilson,44,Other,7/28/2024,North Veronicachester,Silver
509,Jacob White,60,Other,6/19/2023,West Susan,Gold
510,Kyle Pierce,58,Other,10/3/2023,Gardnerstad,Bronze
511,Mark Rodriguez,35,Other,11/6/2023,South Michael,Gold
512,Joshua Thompson,64,Other,4/28/2024,Perezmouth,Silver
513,Anthony Jensen,21,Other,5/4/2024,Hartmanchester,Silver
514,Miss Tiffany Brown,53,Female,4/17/2022,East Sharon,Bronze
515,Megan Howard,25,Female,1/2/2023,Cherryberg,Platinum
516,Kimberly Brown,32,Female,4/18/2024,Melissachester,Bronze
517,Gabriela Wilson,21,Male,6/17/2022,South Kevin,Gold
518,Brandon Farley,32,Female,2/26/2024,East Tammy,Silver
519,James Hogan,65,Other,9/13/2024,Port Michaelton,Gold
520,Jeffery Diaz,43,Other,6/3/2024,Mcmahonchester,Silver
521,Alexander Meyer,47,Female,8/8/2022,Markmouth,Silver
522,Reginald Nichols,33,Other,4/13/2022,Stanleyview,Bronze
523,Robert Roberts,55,Female,8/2/2022,Lake Angela,Gold
524,Veronica Ayala,35,Female,11/3/2024,Lake Brendaville,Gold
525,Kevin Erickson DDS,54,Male,6/23/2023,Cohenchester,Bronze
526,Mary Griffin,44,Male,10/16/2024,Turnermouth,Gold
527,Paul Roach,22,Male,6/23/2023,Port Amanda,Silver
528,Steven Evans,19,Female,8/28/2024,South Ryan,Gold
529,Scott Arnold,26,Other,1/8/2024,Port Martin,Gold
530,Michael Jones,51,Female,6/7/2023,Ramirezstad,Gold
531,Nicholas Rodgers,21,Male,4/22/2022,Davidville,Gold
532,Patrick Webster,20,Female,4/3/2023,East Andre,Silver
533,Corey Compton,41,Female,8/1/2024,North Reginafurt,Silver
534,Dr. Jennifer Montes,18,Female,6/2/2023,West Autumn,Bronze
535,Michael May,64,Male,5/3/2024,Port Kimberlyton,Silver
536,Tiffany Randolph,28,Male,5/22/2022,Marquezville,Silver
537,Whitney Robinson,26,Female,4/4/2024,Marthaburgh,Silver
538,Rachel Nelson,63,Female,2/4/2024,Hansenburgh,Silver
539,Chad Brown,34,Other,11/6/2022,Suttonport,Bronze
540,Timothy Ortiz,45,Male,10/12/2024,West Matthewberg,Bronze
541,Erik Johnson,48,Other,1/20/2024,Tateview,Silver
542,Christopher Valencia,39,Male,1/6/2022,Ginastad,Gold
543,Megan Duncan,34,Other,11/14/2023,East Tara,Silver
544,Cheryl Scott,19,Other,9/30/2024,Joshuashire,Bronze
545,John Thomas,32,Other,10/10/2022,South Jodyton,Bronze
546,Jessica Bass,25,Other,1/13/2022,Donaldsonmouth,Gold
547,Mitchell Lee,28,Female,6/28/2024,East Vickihaven,Silver
548,William Freeman,18,Female,12/31/2023,Kristinville,Bronze
549,Carol Smith,63,Male,4/7/2023,Krystalview,Gold
550,Beth Gonzalez,32,Male,7/8/2022,Gregoryland,Silver
551,Michael Rush,31,Other,1/16/2022,Erikaview,Platinum
552,Mark Alexander,54,Other,3/21/2022,Amyton,Platinum
553,James Garcia,29,Female,11/10/2022,Stewartland,Silver
554,Linda Porter,26,Other,4/29/2024,New Nicholastown,Silver
555,Todd Watson,25,Female,8/9/2023,Mariatown,Silver
556,Jennifer Roberson,40,Male,6/25/2022,Cameronmouth,Gold
557,Emily Pittman,57,Male,12/28/2021,Powellside,Silver
558,Tara Hudson,61,Other,9/4/2023,Davidmouth,Gold
559,Kelli Harrison,56,Other,5/1/2023,East Johnhaven,Gold
560,Gregory Hutchinson,49,Other,1/5/2024,West Sean,Gold
561,Cathy Gentry,58,Male,1/16/2023,Port Toddfort,Platinum
562,Joseph Spence,56,Other,12/10/2022,Chenshire,Bronze
563,Kristen Schneider MD,35,Female,12/22/2023,Levineland,Gold
564,Sarah May,39,Male,1/3/2024,Dillonborough,Gold
565,Aaron Williamson,21,Male,11/21/2022,Port Williamstad,Silver
566,Jose Best,31,Female,1/16/2023,South Christopher,Silver
567,Dr. Kelly Collins,31,Female,12/29/2023,Owenland,Bronze
568,Rachel Goodman,34,Other,10/1/2022,Vincentfort,Silver
569,Barbara Robles,18,Female,7/19/2024,Colonville,Platinum
570,George Brown,33,Male,4/25/2023,Diazmouth,Platinum
571,Vincent Williams,19,Other,3/4/2024,Kellyfurt,Platinum
572,Sara Juarez,19,Female,9/21/2023,East Diane,Bronze
573,Tyler Rice,29,Male,4/18/2023,Maldonadochester,Gold
574,Catherine Alvarez,52,Other,11/19/2023,South Gina,Gold
575,Jacob Green,41,Female,7/3/2023,West Michael,Gold
576,Julie Page,53,Male,3/28/2023,North Peterchester,Bronze
577,Randy Williams,52,Other,4/10/2023,Danielburgh,Bronze
578,Steven Bates,19,Female,12/26/2023,Duncantown,Silver
579,Jeremy Edwards,21,Male,2/27/2024,Langtown,Silver
580,Daniel Price,46,Male,8/2/2022,Maryhaven,Gold
581,Dana Rios,32,Other,2/23/2023,Dominguezfurt,Silver
582,Taylor Cox,58,Male,12/18/2023,Foxport,Silver
583,Cristina Contreras,40,Female,9/7/2024,Kerrburgh,Bronze
584,Daniel Ford,60,Male,11/26/2023,New Michael,Gold
585,Collin Vincent,48,Other,11/21/2021,Port Leslieburgh,Platinum
586,Sheila Perkins,35,Male,2/22/2024,Port Christina,Bronze
587,Jorge Blankenship,60,Other,1/4/2022,Port Denise,Bronze
588,Ann Shannon,20,Other,10/29/2024,Brownhaven,Bronze
589,David Edwards,43,Other,3/22/2022,South Michelle,Bronze
590,Peter Woods,56,Female,7/13/2024,Lake Lorifurt,Bronze
591,Ariel Schultz,42,Other,2/5/2023,Seanton,Platinum
592,Audrey Nelson,62,Female,9/25/2022,East Jonathanhaven,Silver
593,Jose Mcgrath,26,Male,10/29/2023,Laurenchester,Platinum
594,Donald Kerr,27,Other,11/25/2022,North Tyrone,Platinum
595,Diana Davidson,48,Female,9/12/2022,Alvarezport,Silver
596,Tracey Stevenson,58,Male,12/30/2022,New Jamesfort,Platinum
597,Justin Johnson,30,Female,8/16/2023,East Christopherborough,Silver
598,Blake Oconnor,43,Male,4/18/2023,Lauraborough,Platinum
599,Cesar Davis,34,Female,3/14/2022,Herreraton,Silver
600,Toni Moore,26,Other,9/4/2022,New George,Platinum
601,Eric Green,28,Other,5/9/2023,Timothyfort,Bronze
602,Tina Greene,26,Male,11/3/2023,West Luisfort,Gold
603,Kyle Williams,33,Male,10/8/2024,Novakmouth,Platinum
604,Alexandra Rivera,46,Female,7/7/2023,North Michelle,Platinum
605,Mary Dickerson,21,Female,10/21/2023,Timothyfort,Platinum
606,Ashley Stokes,39,Male,12/19/2022,Torresstad,Platinum
607,Cindy Brown,62,Other,7/5/2023,Dianastad,Silver
608,Emily Bennett,27,Female,11/20/2021,West Whitneymouth,Platinum
609,Jennifer Snyder,37,Male,10/15/2024,Port Todd,Platinum
610,Janice Nelson,60,Female,8/5/2023,Kennethland,Silver
611,Cindy Sullivan,21,Female,8/10/2024,Cassandrastad,Gold
612,Paul West,45,Male,1/4/2024,Hineschester,Silver
613,Kenneth Rivera,62,Other,5/21/2023,Kimberlyville,Bronze
614,Richard English,50,Female,5/7/2022,Smithburgh,Gold
615,Kyle Vega,49,Female,2/24/2024,Donnatown,Silver
616,Nicholas Taylor,38,Female,3/27/2023,Lake Latoya,Bronze
617,Kevin Walker,65,Female,12/7/2021,Medinashire,Bronze
618,Jaime Moon,32,Other,10/23/2023,Martinezhaven,Silver
619,Olivia Little,27,Other,6/25/2023,Morenohaven,Bronze
620,Emily Grant,56,Female,7/27/2024,Port Meagan,Silver
621,Morgan Conley,47,Male,8/5/2024,South Tanya,Silver
622,Kenneth Wade,20,Male,3/30/2024,Yatesside,Gold
623,Rebecca Jensen,57,Female,6/5/2024,Jonfort,Silver
624,Roger Rogers,64,Female,10/11/2024,Kellyside,Gold
625,Brandon Clark,21,Female,8/31/2022,Bartonburgh,Platinum
626,Scott Brooks,53,Female,7/11/2022,Rhondaside,Bronze
627,Frances Walton,40,Other,10/25/2023,Zimmermanmouth,Gold
628,Roberta Rodriguez,61,Female,2/4/2024,North William,Platinum
629,William Martin,43,Male,1/30/2024,Bairdfort,Gold
630,Tabitha Allen,48,Other,11/23/2021,West Melissaborough,Gold
631,Ashley Jenkins,40,Female,12/24/2021,Carlchester,Silver
632,Corey Bryant,34,Other,12/10/2023,Port Gina,Platinum
633,Robert Conner,44,Other,7/10/2022,South Anne,Bronze
634,Ryan Harris,25,Other,4/29/2024,Jacobsonchester,Bronze
635,Matthew Wallace,18,Other,2/1/2023,Samanthaton,Bronze
636,Stephen Reeves,59,Male,3/27/2022,South Paul,Platinum
637,Dr. Anthony Blankenship,49,Other,11/25/2023,East Brittany,Bronze
638,Nicole Thomas,60,Other,7/6/2023,New Willietown,Bronze
639,Ashley Hernandez,65,Female,10/20/2024,Davidview,Bronze
640,Patrick Nichols,48,Female,12/10/2023,West Amanda,Gold
641,Arthur Dalton,23,Male,7/9/2024,Janetton,Silver
642,Derek Barnes,20,Other,5/8/2023,Lindseyport,Gold
643,Craig Berry,59,Male,3/3/2024,Port Jeffrey,Silver
644,Richard Simmons,37,Female,3/19/2022,Khanview,Bronze
645,Megan Taylor,35,Other,4/30/2022,North Hailey,Silver
646,Andrew Barajas,41,Other,10/14/2024,Meganfurt,Silver
647,Jose Delacruz,26,Other,11/23/2023,East Meredithchester,Silver
648,Christopher White,36,Male,1/11/2024,Lake Brett,Silver
649,Jennifer Davis,36,Other,8/10/2022,Richardmouth,Silver
650,Alexis Maldonado,32,Female,8/3/2022,New Davidtown,Gold
651,Traci Ellis,44,Other,3/28/2023,South Heather,Silver
652,Barbara Flores,30,Other,10/9/2024,East Kellyport,Gold
653,Yolanda Brown,25,Male,3/28/2022,Christopherview,Platinum
654,Kathy Ortiz MD,43,Female,11/1/2024,Warebury,Silver
655,Michael Bryant,34,Female,7/9/2024,South Shannon,Platinum
656,Raymond Castillo,36,Female,8/21/2024,New Christy,Platinum
657,Monica York,38,Other,1/15/2023,Bryanstad,Silver
658,James Franklin,38,Male,9/26/2023,Jeffreybury,Silver
659,Stanley Alvarez,30,Other,6/18/2024,Dixonton,Platinum
660,Lori Smith,51,Other,11/19/2023,Tylermouth,Platinum
661,Charles Hill,32,Male,7/17/2024,North Jamie,Gold
662,Jerry Parker,20,Other,4/24/2023,Bairdtown,Silver
663,Jared Martinez,40,Female,7/30/2022,Lake Jesseborough,Bronze
664,Sarah Ramos,18,Male,3/14/2022,Riverashire,Gold
665,Bruce Whitehead,20,Female,6/20/2024,Rojasshire,Silver
666,Susan Tran,39,Male,5/20/2024,South Ashleychester,Platinum
667,Megan Morrison,47,Other,2/1/2022,Port Lindatown,Bronze
668,Mary Gallagher,47,Female,5/3/2022,Kimberlyview,Bronze
669,Kristine Rodriguez,23,Male,4/30/2022,Lake Richard,Gold
670,Karen Moreno,26,Female,4/2/2023,Cervanteston,Bronze
671,Savannah Hodge,31,Other,7/28/2022,Brookston,Bronze
672,Adam Anderson,24,Female,12/14/2023,Fowlerfurt,Gold
673,Janet Sandoval,60,Male,9/19/2024,Trujilloside,Platinum
674,Charles Turner,23,Other,9/27/2022,Port Jenniferborough,Bronze
675,James Stark,22,Other,8/9/2023,North Paula,Bronze
676,Robert Frazier,45,Female,10/18/2022,Washingtonmouth,Bronze
677,Miss Amanda Reeves DDS,57,Other,4/27/2023,West Kimberlyville,Bronze
678,Sean Stevens,59,Female,10/11/2022,North Shane,Platinum
679,Melissa Rich,24,Male,8/26/2023,Port Donaldmouth,Gold
680,Amber Dominguez,61,Male,2/18/2024,Brookebury,Silver
681,Karen Grant,54,Female,9/21/2024,Pinedaport,Silver
682,Andrew Roberts,26,Female,10/12/2022,Bishopshire,Platinum
683,Pamela Peterson,23,Male,3/11/2022,North Emily,Bronze
684,Dr. Terry Howard,22,Female,2/16/2023,Port Ryanhaven,Platinum
685,Angela Wood,31,Other,10/1/2022,West Misty,Platinum
686,Richard Williams,36,Female,2/13/2024,South Ronald,Silver
687,Elizabeth Mays,49,Other,8/25/2023,Jeffreystad,Platinum
688,Tammy Reynolds,56,Other,8/22/2024,Ebonyhaven,Gold
689,Justin Mason,54,Female,12/8/2022,East Judy,Bronze
690,Dean Weber,54,Male,3/18/2023,East Laurenstad,Bronze
691,Michael Larsen,39,Male,7/25/2022,Brandimouth,Bronze
692,Terry Ward,29,Other,8/16/2022,Lake Jeanton,Gold
693,Susan Davis,53,Female,6/21/2023,Amandaview,Platinum
694,Rebecca Parker,42,Female,9/1/2022,North Edward,Silver
695,Natalie Lee,57,Female,6/26/2022,South Saraport,Platinum
696,Danny Haynes,49,Female,6/6/2022,Josephmouth,Gold
697,Rachel Benjamin,26,Other,6/20/2022,Charlesview,Platinum
698,Daniel Hernandez,50,Female,4/24/2022,North James,Bronze
699,Juan Johnson,62,Other,12/14/2023,Johnsonstad,Bronze
700,Michael Vasquez,39,Female,3/19/2024,West Shellyberg,Bronze
701,Joseph Holt,52,Other,11/19/2022,Stevensberg,Platinum
702,Carrie Williams,41,Other,7/18/2022,Bradleyside,Platinum
703,Amy Patterson,61,Male,12/3/2022,Juliechester,Platinum
704,Bobby Cole,22,Male,5/18/2024,Lake Theodorefurt,Silver
705,Jeffrey Ross,62,Female,8/21/2022,South Dawnland,Platinum
706,Rebecca Nelson,33,Other,7/8/2024,Kimberlychester,Silver
707,Christina Hernandez,46,Male,1/15/2023,East Raymondburgh,Silver
708,Cindy Gutierrez,29,Other,4/22/2022,Millsburgh,Gold
709,Lori Pena,41,Other,9/29/2024,East Anitastad,Silver
710,Kimberly Martinez,44,Other,9/26/2022,Lake Kristin,Bronze
711,Mark Davis,39,Female,11/3/2024,Matthewfort,Platinum
712,Amy Wolf,18,Female,10/3/2022,Rowlandmouth,Platinum
713,William Merritt,33,Male,7/19/2024,East Grantbury,Silver
714,Dean Zimmerman,18,Male,7/29/2023,New Joseph,Platinum
715,Anthony Davis,38,Other,11/9/2023,Michelemouth,Platinum
716,Frank Sanders,40,Other,11/1/2024,North Donna,Platinum
717,Alyssa Walton,63,Female,2/28/2022,Kellymouth,Platinum
718,Kerri Horton,61,Female,12/25/2021,North Jesse,Gold
719,Todd Jordan,30,Female,1/29/2023,Lake John,Bronze
720,Katie Kennedy,42,Male,4/17/2024,Taylorchester,Platinum
721,Alejandra Pruitt,33,Female,2/19/2023,New Johnberg,Gold
722,Gregory Brown,64,Female,4/5/2023,Deborahmouth,Silver
723,Megan Bauer,41,Other,3/9/2022,Caldwellchester,Silver
724,Nathan Cooper,48,Other,1/25/2022,Jacksonburgh,Gold
725,Rebecca Lyons,52,Male,2/24/2024,North Ericchester,Platinum
726,Paul Boyer,51,Other,2/3/2024,Georgefurt,Silver
727,Brian Williamson,21,Other,10/24/2024,Huberview,Gold
728,Kathy Erickson,46,Other,10/16/2024,Christinachester,Bronze
729,Donna Hensley,54,Other,3/2/2023,North Williamborough,Gold
730,Andrew Bowers,54,Other,6/3/2024,West Jonathanfort,Bronze
731,Aaron Nguyen,54,Other,6/10/2023,Grantfurt,Silver
732,Juan Davis,54,Other,6/19/2023,Lanehaven,Silver
733,Susan Horton,42,Female,12/7/2021,Tracystad,Silver
734,Alicia Moyer,32,Male,8/7/2023,Yangtown,Gold
735,Kylie Harris,59,Female,10/26/2024,Acevedoborough,Platinum
736,James Greene,38,Female,8/18/2022,East Bethborough,Silver
737,Robyn Meyers,45,Other,1/12/2023,Raymondland,Gold
738,Alexander Miller,33,Other,5/21/2022,South Ashleyburgh,Bronze
739,Steven Walker,36,Female,1/20/2024,Larryville,Gold
740,Katherine Bowman,51,Other,3/31/2024,West Timothyland,Silver
741,Justin Wood,33,Male,7/2/2023,Jesusmouth,Silver
742,Alexandria Williams,46,Male,10/21/2022,East John,Platinum
743,Christy Williamson,52,Other,11/6/2024,West Jose,Platinum
744,Lori Jackson,63,Female,3/30/2024,Jakefort,Silver
745,Kyle Edwards,59,Male,6/21/2023,West Dustin,Silver
746,Heidi Dunlap,64,Female,12/1/2021,North Jeffreyton,Silver
747,Brenda Rodriguez,18,Female,10/20/2024,Mendozachester,Silver
748,Katrina Wilkins,62,Female,4/13/2024,Port Kimland,Bronze
749,Rodney Blair,20,Male,1/24/2024,North Angela,Platinum
750,Keith Keller,61,Male,5/23/2022,South Michele,Silver
751,Lori Mckinney,35,Other,2/23/2022,Dustinfurt,Bronze
752,Joseph Waters,47,Male,1/12/2024,South Jameshaven,Silver
753,Kristen Edwards,57,Female,7/21/2022,North Carolside,Silver
754,Gregory Hunter,27,Male,10/25/2023,Leeland,Gold
755,James Bridges,38,Female,11/11/2023,East Patrickfurt,Platinum
756,Richard Miller,64,Other,7/24/2024,South Stephanie,Silver
757,George Kline,32,Other,5/26/2024,Klineland,Platinum
758,Stacey Barron,61,Other,12/5/2021,Alishaview,Gold
759,Tasha Hamilton,35,Male,7/11/2024,West Joel,Gold
760,Madison Morris,34,Female,7/16/2024,South Amandaborough,Gold
761,Michael Key,32,Male,8/3/2022,West Rebeccashire,Platinum
762,Micheal Taylor,19,Other,4/11/2023,Christopherstad,Bronze
763,Mark Goodman,64,Female,7/19/2024,West Territon,Platinum
764,Ms. Kendra Carter,62,Other,9/14/2024,Samuelview,Gold
765,Amanda Roberson,44,Other,6/8/2022,Jamesfort,Bronze
766,Erin Kelly,23,Female,12/21/2022,Guerrafurt,Gold
767,Ruben Petersen,39,Female,7/8/2022,Cunninghamburgh,Gold
768,Tony Hill,43,Other,12/25/2021,Port Paulahaven,Silver
769,Steven Stevenson,30,Other,3/4/2024,Elizabethmouth,Bronze
770,James Ross,57,Other,6/3/2022,West Anthony,Gold
771,Jesse Jackson DDS,40,Male,12/1/2023,Rosston,Gold
772,Daniel Stein,56,Other,6/15/2024,South Adrian,Bronze
773,Robert Garza,29,Male,10/25/2024,North Crystalhaven,Gold
774,Angela Rios,39,Other,5/2/2024,East Patrickview,Silver
775,Nicole Kerr,35,Male,5/27/2023,Port Dennisborough,Silver
776,Tiffany Sanchez,60,Other,2/5/2024,New Jenny,Gold
777,Michael Chang,40,Other,11/29/2022,East Patrick,Gold
778,Bryce Figueroa,49,Male,1/8/2024,Lake David,Bronze
779,James Carlson,44,Female,3/7/2024,Stuartburgh,Bronze
780,Tracy Harrell,19,Male,8/10/2023,New Jacqueline,Bronze
781,Alicia Ross,46,Female,4/20/2023,Stokeshaven,Bronze
782,Heather Walker,26,Other,8/2/2024,Port Elizabeth,Silver
783,Nicole Simon,44,Female,5/2/2023,North Kevin,Platinum
784,John Khan,42,Other,5/19/2022,Janestad,Gold
785,Kristen Preston,19,Female,2/6/2024,Charlesside,Platinum
786,Cameron Wilson,51,Female,2/13/2022,South Amber,Bronze
787,Richard Rogers,24,Male,3/7/2023,Lake Derekmouth,Bronze
788,Robert Bishop,30,Male,9/6/2022,Jillland,Platinum
789,Lori Douglas,56,Female,7/24/2023,East Heather,Platinum
790,Kristin Green,31,Other,6/28/2024,Elizabethstad,Silver
791,Matthew Holmes,38,Other,3/15/2022,Port Jeremiahmouth,Silver
792,Christine Roberts,35,Other,5/19/2023,Hannaview,Gold
793,Jennifer Schultz,20,Female,11/26/2022,Port Leah,Bronze
794,Garrett Stone,36,Other,9/23/2022,Brandonside,Gold
795,Dr. Sarah Ramirez PhD,54,Other,4/16/2023,Melissaland,Bronze
796,Anthony Allen,41,Male,6/6/2023,East Jamesfurt,Platinum
797,Shane Kennedy,47,Male,5/30/2023,Courtneyville,Gold
798,Charles Mcdowell,24,Other,5/4/2024,Port Rebecca,Bronze
799,Sarah Morrison,64,Male,3/21/2024,Reyesstad,Silver
800,Sharon Barnett,54,Male,5/26/2023,Lake Laceyborough,Gold
801,Marie Manning MD,26,Female,11/11/2024,East Joshuamouth,Silver
802,Robin Townsend,56,Male,11/7/2022,South Michael,Platinum
803,Mrs. Bethany Thomas PhD,37,Other,1/16/2022,East Timothyberg,Bronze
804,Aaron Shah,46,Female,1/12/2023,Alvaradoton,Gold
805,Stephen Bush,27,Other,8/3/2022,Shellymouth,Platinum
806,Amy French,45,Male,10/11/2024,Emilyton,Silver
807,Jonathan Allen,55,Male,6/5/2024,North Emilyville,Bronze
808,April Franco,43,Male,5/30/2023,Conwayfurt,Bronze
809,Danny Kramer,46,Female,7/17/2024,Wilsonfort,Platinum
810,Nicholas Collins,32,Female,9/23/2024,Pearsonchester,Silver
811,Michael Gonzalez,23,Female,5/27/2024,Jonesshire,Platinum
812,Timothy Anderson,57,Other,6/10/2024,New Steven,Bronze
813,Matthew Turner,23,Female,6/15/2024,Michaelstad,Bronze
814,Julia Sims,21,Other,9/28/2023,West Wendy,Platinum
815,Jennifer Lucas,45,Female,3/15/2024,South Douglas,Silver
816,Rebecca Graham,35,Male,12/27/2021,Bruceburgh,Silver
817,Cindy Foster,19,Other,9/17/2024,Duarteburgh,Platinum
818,Mr. Christopher Robinson PhD,63,Female,9/20/2022,Port Georgeberg,Silver
819,Michelle Hill,50,Female,11/7/2023,Lake Anthonyville,Silver
820,Thomas Hobbs,61,Male,8/31/2024,Codyton,Silver
821,John Frazier,49,Other,8/16/2022,Alexandrachester,Silver
822,Christina Quinn,30,Other,2/21/2023,Juanville,Bronze
823,Kristi Diaz,65,Male,3/25/2023,Michaelland,Platinum
824,Philip Palmer,40,Male,2/19/2022,Huntborough,Silver
825,Melanie Jackson MD,22,Male,9/29/2022,Ramirezshire,Bronze
826,Stephen Duncan,25,Female,2/19/2022,Kingborough,Gold
827,Mark Vargas,49,Other,5/14/2024,Bradleybury,Gold
828,Jerry Parsons,22,Female,7/5/2024,Christopherborough,Gold
829,Kevin Davis MD,40,Female,5/9/2024,New Brookebury,Platinum
830,Tyler Brown,55,Other,1/24/2022,East Michaelberg,Silver
831,Mark Lambert,51,Female,4/12/2022,Dianeshire,Bronze
832,Amanda Martin,56,Other,4/9/2022,Tylerhaven,Platinum
833,Lawrence Wade,24,Female,11/24/2021,Zacharyborough,Silver
834,Melissa Flores,65,Other,10/5/2024,Lake Benjaminhaven,Gold
835,Joshua Larson,34,Female,1/20/2024,East Justin,Bronze
836,Leah Jones,60,Female,4/21/2024,Ryanburgh,Gold
837,David Baxter,44,Other,12/15/2021,Michealstad,Gold
838,Laura Williams,31,Other,11/3/2023,East Kyle,Platinum
839,Cory Mclean,29,Male,4/30/2024,North Angelica,Platinum
840,James Garcia,55,Male,5/3/2022,Arroyoport,Gold
841,Katherine Stark,43,Male,5/15/2023,Stephaniechester,Platinum
842,Kristen Roberts,60,Female,8/19/2024,East Diane,Silver
843,Michelle Thompson,22,Other,9/1/2022,Murphychester,Platinum
844,James Hill,52,Male,9/30/2024,Tammyside,Gold
845,Douglas Arroyo,58,Male,1/31/2022,Port Aaronborough,Bronze
846,Amy Key,24,Female,10/29/2023,East Maria,Platinum
847,Christopher Mendoza,21,Other,12/21/2023,Leeland,Platinum
848,Hannah Lopez,37,Other,4/27/2023,New Brent,Silver
849,John Pierce,53,Male,5/16/2023,Lake Michael,Silver
850,Laura Bruce,37,Female,12/5/2023,South Michaelview,Silver
851,Scott Cruz,32,Female,7/3/2023,Traceyville,Silver
852,Diane Blake,36,Female,9/8/2024,Lake Kevin,Bronze
853,Marcus Curtis,45,Male,1/9/2023,Marissaside,Platinum
854,Christina Martin,53,Female,7/3/2022,Port Kristin,Gold
855,Anthony Barrera,19,Female,4/26/2023,Andersonfort,Gold
856,Jimmy Clark,58,Female,9/13/2022,Randolphshire,Bronze
857,Tina Snyder,45,Female,7/5/2023,Michelleland,Gold
858,Kimberly Wise,63,Other,8/22/2024,Peckport,Bronze
859,Brandon Brown,58,Other,3/1/2024,South Jessica,Gold
860,Wanda Martin,22,Other,8/28/2022,North Tyler,Silver
861,Michael Walker,43,Female,8/26/2023,North Roger,Platinum
862,Michael Thompson,33,Other,5/3/2024,New Adamberg,Silver
863,Miss Julie Suarez,22,Other,10/29/2023,West Yolandaton,Bronze
864,Brent Wallace,30,Other,8/15/2024,Floydbury,Platinum
865,Jessica Walsh,56,Female,11/13/2022,Alexandrashire,Platinum
866,Tanya Miller,60,Female,11/15/2024,Port Taylorborough,Bronze
867,Jill Stevens,31,Other,4/29/2024,New Jonathanside,Silver
868,Jodi Ramos,53,Other,3/11/2024,South Carolview,Silver
869,Krista Miller,31,Other,5/19/2024,Smithside,Platinum
870,Charles Baker,35,Other,1/18/2022,Justinhaven,Gold
871,Thomas Marshall,50,Male,6/19/2022,Port Timothy,Bronze
872,Stephen Hahn,33,Other,5/31/2023,North Benjaminport,Gold
873,Carrie Robinson,29,Other,1/10/2024,Washingtonview,Platinum
874,Eric Ferguson,62,Other,7/2/2022,Lake Heidi,Bronze
875,Kevin Kline,44,Female,2/2/2023,South Rachel,Bronze
876,Timothy Chang,21,Male,3/31/2022,South Jacob,Bronze
877,Lynn Torres,25,Male,8/11/2022,Tammytown,Silver
878,Todd Smith,25,Female,5/19/2022,West Kathy,Platinum
879,Clinton Ramirez,61,Female,11/18/2022,Josephview,Gold
880,Gabriella Phillips,50,Male,3/15/2024,Perezborough,Bronze
881,Christine Martinez,42,Male,1/26/2022,South Kathleen,Gold
882,Robert Castaneda,45,Female,1/26/2022,Port Brittneyton,Platinum
883,Robin Olsen,63,Other,3/15/2024,Amytown,Silver
884,Debra Alvarado,18,Female,7/9/2022,Michaelchester,Platinum
885,Miranda Perez,37,Male,11/26/2021,Craigshire,Bronze
886,Kaitlyn Jensen,32,Male,5/10/2023,Warnerview,Bronze
887,Adam Lewis,56,Other,11/13/2024,Charlesfurt,Bronze
888,Sandra Mcdaniel,26,Female,3/25/2023,East Rickyborough,Platinum
889,Christopher Spence,61,Male,11/4/2022,Singhfurt,Bronze
890,Erica Barrett,63,Male,12/3/2023,Rasmussenmouth,Silver
891,Thomas Gonzalez,57,Female,2/8/2023,Robertborough,Silver
892,Jon Chandler,21,Female,9/17/2022,Port Kristineton,Platinum
893,Bonnie Adams,18,Other,8/29/2023,Julianshire,Gold
894,Scott Watson,62,Female,2/16/2022,North Bethton,Gold
895,Jennifer Russell,63,Male,7/2/2022,North Patriciaport,Platinum
896,Kayla Moore,19,Male,2/23/2022,Wolfeland,Silver
897,Latoya Grant,19,Other,10/31/2022,Summersfurt,Silver
898,Michelle Hampton,40,Male,10/24/2024,East Jeremystad,Gold
899,Victoria Neal,46,Female,11/8/2022,Lake Sharonfurt,Gold
900,Sarah Floyd,37,Female,4/30/2022,West Brandy,Bronze
901,John Scott,52,Other,3/24/2022,Warrenland,Gold
902,Christopher Rodriguez,18,Female,10/17/2024,Amberborough,Platinum
903,Amanda Valenzuela,23,Female,1/2/2024,Anthonytown,Platinum
904,Matthew Brennan,43,Male,12/10/2021,South Rickyville,Gold
905,Anthony Lam,50,Male,4/19/2022,Villarrealmouth,Bronze
906,Ashley Nguyen,24,Male,12/1/2023,East Nathaniel,Bronze
907,Suzanne Park,51,Female,4/27/2023,North Ruthchester,Bronze
908,Karen Joseph,43,Other,10/31/2023,Port Jasmine,Silver
909,Matthew Martin,42,Other,11/23/2021,Port Michael,Bronze
910,Taylor Perez,56,Male,11/1/2022,Chapmantown,Bronze
911,Isabella Mooney,32,Female,6/29/2023,East Emily,Bronze
912,Sandra Kaiser,34,Male,7/6/2022,New Anthony,Bronze
913,Bradley Nichols,37,Other,5/14/2023,Jillburgh,Gold
914,Dr. Valerie Smith,63,Other,11/6/2022,Robinton,Gold
915,Andrew Johnson,35,Male,7/30/2023,Torresside,Gold
916,Madeline Fleming,48,Female,3/14/2022,East Kristen,Silver
917,Anthony Kelly,22,Male,5/20/2024,West Haley,Silver
918,Amanda Bennett,53,Other,4/13/2023,Walkerland,Silver
919,Cory Simmons,60,Female,10/22/2022,Port Amyport,Gold
920,Cindy Finley,55,Female,4/2/2023,Duanehaven,Platinum
921,Daniel Mcgrath,33,Female,12/1/2021,Port Darrenton,Platinum
922,Jennifer Matthews,25,Male,7/9/2022,South Steve,Gold
923,Mallory Pitts,19,Female,5/23/2024,Mooreberg,Platinum
924,Heather Khan,19,Male,10/27/2022,Hayeston,Platinum
925,Amanda Hudson,20,Female,3/18/2023,West Anitafurt,Gold
926,Katelyn Sandoval,21,Female,7/21/2023,Maryburgh,Gold
927,Anna Petersen,41,Other,10/8/2024,Barbershire,Platinum
928,Victoria Mccoy,31,Other,2/5/2024,Katherineside,Silver
929,Paul Gates,25,Male,8/27/2022,Jenningsfurt,Silver
930,David Krause,53,Male,10/16/2024,Port Edwin,Gold
931,Justin Patel,39,Other,11/19/2022,Kylehaven,Platinum
932,Mr. Joseph Mayer,57,Male,12/24/2023,Williamsborough,Silver
933,Lisa Cain,52,Male,4/14/2022,New Tiffany,Platinum
934,Angela Morris,32,Other,1/5/2023,Lake Lisa,Bronze
935,Sherry Jones,21,Male,6/29/2024,Brockburgh,Gold
936,Beth Nelson,58,Female,4/13/2022,Stephenside,Gold
937,Michelle Logan,54,Male,12/12/2021,East Amber,Silver
938,Paula Vance,52,Female,3/15/2023,Craighaven,Bronze
939,Ashley Hughes,48,Other,2/23/2024,Saundersstad,Platinum
940,Phillip Humphrey,26,Male,6/20/2022,South Melissamouth,Silver
941,Peter Jones,47,Female,3/29/2023,Baldwinborough,Bronze
942,Kathleen Mann,33,Male,2/6/2024,North Morganville,Silver
943,Patricia Hernandez,55,Male,11/3/2023,Adamschester,Platinum
944,Jessica Evans,35,Male,5/9/2024,East Jonathan,Gold
945,Elizabeth Colon,24,Male,10/15/2024,East Oscar,Platinum
946,Shane Ingram,61,Female,7/1/2024,West Teresa,Bronze
947,Terry Fowler,41,Female,9/6/2023,Millermouth,Bronze
948,Christopher Floyd,33,Female,12/9/2021,Justinport,Bronze
949,Mr. Richard Grimes,31,Other,7/21/2023,West Melissamouth,Platinum
950,Anthony Smith,22,Other,2/15/2023,New Heather,Bronze
951,Tara Campbell,30,Male,7/15/2024,Mcneilton,Bronze
952,Danielle Harris,28,Other,5/10/2024,Jeffreymouth,Silver
953,Christopher Gardner,36,Female,12/25/2022,Port Rebecca,Bronze
954,Trevor Brown,56,Female,6/28/2024,Leslieland,Bronze
955,Michelle Logan,56,Other,3/19/2022,Murphytown,Bronze
956,Linda Odom,65,Other,12/15/2022,Karenmouth,Gold
957,Sharon Carroll,23,Other,2/13/2022,New Cheyenne,Gold
958,Christine Gentry,21,Male,7/28/2022,East Walterside,Silver
959,Angela Long,21,Other,10/23/2023,Masseyberg,Platinum
960,Anna Harding,50,Other,4/23/2022,Brianfort,Silver
961,Mr. Dylan Johnson,64,Male,4/22/2023,Rosebury,Silver
962,Jasmine Clark,46,Female,7/22/2022,Coffeystad,Platinum
963,Cheryl Aguilar,36,Male,7/16/2022,Ambertown,Platinum
964,Tracey Parks,45,Male,9/11/2023,Marytown,Bronze
965,Andrew Berry,43,Male,10/5/2024,Lake Caitlin,Gold
966,Jeffrey Hoover,39,Male,7/16/2022,Emilyview,Gold
967,Raymond Moore,32,Female,4/30/2022,Chloeville,Gold
968,Charles Knight,65,Male,10/4/2022,East Stephenbury,Bronze
969,Zachary Diaz,34,Male,11/15/2024,Port Daniel,Platinum
970,Steven Taylor,58,Female,3/31/2022,Adriennehaven,Platinum
971,Zachary Smith,56,Female,5/18/2022,North Johnborough,Platinum
972,Gloria Miller,23,Other,9/25/2023,Timothyberg,Gold
973,Olivia Perry,23,Other,9/2/2023,Ashleyport,Bronze
974,Aaron Thomas,58,Male,10/13/2023,New Kelly,Platinum
975,Allison Sutton,28,Other,4/1/2023,Leslieborough,Platinum
976,Sherry Sanchez,47,Other,12/25/2023,Dianafurt,Platinum
977,Miguel Gutierrez,56,Male,5/26/2022,New Calvinburgh,Platinum
978,Ellen Bowman,54,Male,7/30/2022,Johnsonside,Bronze
979,Emily Hunter,37,Other,11/28/2021,Port Joshua,Silver
980,Jacob Ross DVM,20,Male,8/13/2023,Lake Roger,Gold
981,Ricardo Hughes,59,Male,11/13/2024,Oliviaborough,Platinum
982,Emily Bullock,45,Other,9/20/2024,South Dorothy,Silver
983,Michelle Steele,37,Male,5/14/2023,Williamshaven,Platinum
984,Tara Howe,25,Other,3/26/2024,Matthewton,Bronze
985,Elizabeth Perry,48,Other,4/25/2024,South Michelleburgh,Platinum
986,Miguel Li,53,Female,12/12/2021,Mcguireborough,Gold
987,Carlos Avila,46,Other,8/3/2024,Annport,Gold
988,David Zimmerman,33,Female,2/15/2024,Gregorybury,Platinum
989,Pamela Morales,49,Female,12/26/2021,New James,Platinum
990,Michael Adams,18,Other,6/4/2024,Stevenland,Gold
991,Dominique Ross,65,Female,8/19/2022,Lake Arthur,Bronze
992,Carol Stevens,64,Male,1/15/2022,Michaelchester,Platinum
993,Daniel Gonzalez,46,Male,7/5/2022,Lake Michelleshire,Platinum
994,Andrew Maldonado III,26,Female,11/23/2022,Victoriabury,Bronze
995,Mary Walker,50,Female,4/20/2024,South Justin,Gold
996,Joseph Garrison,51,Male,4/30/2024,Port Dawnside,Silver
997,Timothy George,50,Female,7/22/2024,West Martha,Platinum
998,Lauren Adams,32,Other,2/3/2022,Port Taylor,Gold
999,Howard Barnes,45,Male,11/28/2021,West Timothyshire,Gold
1000,Evan Jones,22,Female,3/4/2024,East Daniel,Gold
